drug_id,drug_CID,drug_smile
0,CID100000085,CCOC(=O)C1(CC1S(=O)(=O)C2=CC=C(C=C2)Cl)N
1,CID100000206,CCC(C1=C(C=C(C=C1)C)C)NC(=O)C2=CC=C(C=C2)CSC3=CC=CC=C3
2,CID100000444,CC1=C(C=C(C=C1)C(C)NC(=O)C2=CC=C(C=C2)CSC3=CC=C(C=C3)Cl)C
3,CID100000853,COCC1(C(C1S(=O)(=O)C)C2=CC=CC=C2)C(=O)O
4,CID100000937,CC1=CC(=CC=C1)C2=NOC(=N2)CNC(=O)CSCC3=CC=CC=C3C
5,CID100000942,CS(=O)(=O)C1C(C1C(=S)N)C2=CC=CC=C2
6,CID100001983,CC1=CC=C(C=C1)S(=O)(=O)C2C(C2(CN)CN)C3=CC=CC=C3
7,CID100002162,CC1=CC2=C(C(CC(=O)O2)C3=CC4=CC=CC=C4N(C3=O)CC(C)C)C(=O)O1
8,CID100002244,CC1=CC(=CC=C1)C2=NOC(=N2)CN(C)C(=O)CSCC3=CC=C(C=C3)[N+](=O)[O-]
9,CID100002250,CC1=CC=C(C=C1)S(=O)(=O)C2C(C2C(=S)N)C3=CC=CC=C3
10,CID100002462,C1=CC=C(C=C1)C2C(C2(CN)C(=O)O)S(=O)(=O)C3=CC=C(C=C3)Cl
11,CID100002524,C1=CC=C(C=C1)C2C(C2S(=O)(=O)C3=CC=C(C=C3)Cl)CN
12,CID100002585,C1CC2=C(C1)NC(=O)C(=C2)C(=O)NC3CC(=O)N(C3)CC4=CC=CC=C4
13,CID100002771,CCOC(=O)C1(C(C1S(=O)(=O)C)C2=CC=C(C=C2)OC)C#N
14,CID100002803,CC1=CC(=C(C(=O)O1)C(CC(=O)OC)C2=CC=CC=C2)O
15,CID100002806,CC1=CC(=C(C(=O)O1)C(CC(=O)OC)C2=CC=CC=C2)O
16,CID100003016,CCOCC1(C(C1S(=O)(=O)C)C2=CC=C(C=C2)OC)CN
17,CID100003043,CC1=CN=C(C=C1)C(C)NC(=O)CC2=CSC=C2
18,CID100003062,C1CCC2=C(CC1)NN=C2C(=O)N3CCCCC3C4=CN=CC=C4
19,CID100003075,CC1=CC=C(C=C1)C2=NOC(=N2)CN(C)C(=O)C(C)SCC3=CC=CC=C3
20,CID100003121,CC(C)C1=CC=C(C=C1)CCCNC(=O)C(C)SCC2=CC=CC=C2
21,CID100003348,CC1=CC2=C(C=C1)C(CC(O2)(C)C)NC(=O)CCSC3=CC=CC=C3
22,CID100003365,CCOC(=O)C1(C(C1S(=O)(=O)CC)C2=CC=C(C=C2)OC)CN
23,CID100003405,CC1=CC(=C(C=C1)C)CC(=O)NC(C2=CN=CC=C2)C(C)C
24,CID100003440,CC(C)C1=NN=C(S1)N2CCN3C(=CC(=N3)C(C4=NC=CN4C)O)C2
25,CID100003446,COC1=CC=C(C=C1)N2CC(CC2=O)C(=O)N3CCCCC3C4=CN=CC=C4
26,CID100003478,C1C2CN(CC1C3=CC=CC(=O)N3C2)C(=O)CN4CC5=CC=CC=C5C4=O
27,CID100003696,COC1=CC=C(C=C1)C2C(C2(C=O)C#N)S(=O)(=O)C3=CC=CC=C3
28,CID100003878,COC1=CC(=CC2=C1OCO2)C(CC(=O)OC)C3=C(C(=O)C=C(O3)CN4CC5CC(C4)C6=CC=CC(=O)N6C5)O
29,CID100003883,COC1=C(C=C(C=C1)Cl)NC(=O)C(=CC2=CC=CO2)C3=CC=CC=C3
30,CID100003937,COC(=O)CC(C1=CC2=C(C=C1)OCO2)C3=C(C(=O)C=C(O3)CN4CC5CC(C4)C6=CC=CC(=O)N6C5)O
31,CID100003957,COC1=CC=C(C=C1)C2C(C2(CO)N)S(=O)(=O)C3=CC=CC=C3
32,CID100003958,CC(=O)OC1=C(C=C(C=C1OC)C2CC(=O)OC3=C2C4=C(C=C3)C(=O)C(=CC5=CC(=C(C=C5OC)OC)OC)O4)OC
33,CID100004168,CC1CCN(CC1)C2=CC=C(C=C2)C(C)NC(=O)C(=CC3=CC=CO3)C4=CC=CC=C4
34,CID100004171,CN1C2=CC=CC=C2C=C1C(=O)N3CCCCC3C4=CN=CC=C4
35,CID100004205,C1C2CC(C1C=C2)CNC(=O)CCC3=NC(=NO3)C4=CC=NC=C4
36,CID100004510,C1CN(CC1O)C2=NC=NC(=C2)C3CC(C3)NC(=O)CC4=CC=CS4
37,CID100004543,C1CC(NC1=O)(CCC(=O)NCC2=CC3=C(N2)C=CC(=C3)F)CCC(=O)O
38,CID100004583,COC1=CC2=C(C=C1)NC(=O)C(=C2)C3CC(=O)OC4=C3C5=C(C=C4)C(=O)C(=CC6=C(C(=CC=C6)OC)OC)O5
39,CID100004594,CC1(CC(C2=C(O1)C=C(C=C2)OC)NC(=O)CSCC3=CC=C(C=C3)OC)C
40,CID100004634,CC1=CC(=CC=C1)C2=NOC(=N2)CNC(=O)CSCC3=CC=C(C=C3)OC
41,CID100004679,C1C(C2=C(C=CC3=C2OC(=CC4=CN=CC=C4)C3=O)OC1=O)C5=CC=NC=C5
42,CID100004740,CC1=CC=C(C=C1)OCC(C)NC(=O)C2=C(C=C(C=C2)[N+](=O)[O-])Cl
43,CID100004829,CCC(C1CC(C1)O)NS(=O)(=O)C2=CC3=C(C=C2)OC(=O)N3C
44,CID100004894,COC1=CC=C(C=C1)C2C(C2S(=O)(=O)C3=CC=C(C=C3)Cl)CO
45,CID100005038,CN(CC1=NC(=NO1)C2=CC=CC=C2Cl)C(=O)C3=C(C=CC(=C3)[N+](=O)[O-])Cl
46,CID100005039,CC1=CC2=C(C(CC(=O)O2)C3=CC4=C(C=C3)OCO4)C(=O)O1
47,CID100005073,CS(=O)(=O)C1C(C1(C=O)C#N)C2=CC3=C(C=C2)OCO3
48,CID100005076,CN1C=C(C=N1)C(CC(=O)OC)C2=C(C(=O)C=C(O2)CN3CCCCC3)O
49,CID100005267,CC1=C(C=CC(=C1)C(=O)NCCCN2CCCC3=CC=CC=C32)[N+](=O)[O-]
50,CID100005408,CC1=CC=C(C=C1)SC(C)C(=O)NC(C)COC2=CC=CC=C2C
51,CID100005514,CCC(C1=C(C=C(C=C1)C)C)NC(=O)C(C)SC2=CC=C(C=C2)C
52,CID100005732,CC1CCN(CC1)C2=CC=C(C=C2)C(C)NC(=O)CCSC3=CC=C(C=C3)C
53,CID100027661,CC1=CC(=CC(=C1Br)C)OCC(=O)NCCCC2=CC=CC=C2Cl
54,CID100054454,CC(C(=O)NC1=CC(=CC=C1)OC)N(C2=C(C=CC(=C2)OC)OC)S(=O)(=O)C
55,CID100059708,CN1CCC(C1)NC(=O)C2=CN=C(N=C2)SC
56,CID100150311,CC1=CC(=C(N1C2=CC=CC=C2C(F)(F)F)C)C3C(NC(=S)N3C(C)C)C4=CC=CC=N4
57,CID103085017,CC(C)CNC(C)C1=NN=NN1C2=CC(=C(C=C2Cl)Cl)Cl
58,CID100001972,CCOC(=O)C1(C(C1S(=O)(=O)C2=CC=C(C=C2)C)C3=CC=CC=C3)N
59,CID100002022,CN(C)S(=O)(=O)C1=CC2=C(C=C1)N(CC2)C(=O)CSCC3=CC=C(C=C3)[N+](=O)[O-]
60,CID100002083,CC(C)C1=CC=C(C=C1)C(CC(=O)OC)C2=C(C(=O)C=C(O2)CN3CC4CC(C3)C5=CC=CC(=O)N5C4)O
61,CID100002265,COC1=CC=C(C=C1)C=C2C(=O)C3=C(O2)C4=C(C=C3)OC(=O)CC4C5=CC(=CC=C5)OCCC6=CC7=C(C=C6)OCC7
62,CID100002274,C1=CC=C(C=C1)C2C(C2(C#N)C#N)S(=O)(=O)C3=CC=C(C=C3)Cl
63,CID100002622,CC(C)C(=O)NC1=CN=C(C=C1)SCC2CCCN3C2CCCC3
64,CID100002650,CC(C1=NN2CCN(CC2=C1)C(=O)CC3=C(CCC3=O)C4=CC=CC=C4)O
65,CID100002656,CC1=CC(=C(C(=O)O1)C(CC(=O)O)C2=CC(=C(C=C2)OC)O)O
66,CID100002764,CC1=CC(=O)OC2=C3C(CC(=O)OC3=C(C(=C12)O)C(=O)C)C4=CC(=C(C(=C4)F)F)F
67,CID100002907,CN(CC1CC2=CC=CC=C2O1)C(=O)COC3=NN4C=NN=C4C=C3
68,CID100002909,CCOC(=O)C1(C(C1S(=O)(=O)C)C2=CC=C(C=C2)OC)CN
69,CID100003325,CC1CCN(CC1)C2=CC=C(C=C2)C(C)NC(=O)CCSC3=CC=CC=C3
70,CID100003367,CC1=CC2=C(C(CC(=O)O2)C3=CC4=C(C=C3)OCCO4)C(=O)N1CCC5=CC=C(C=C5)O
71,CID100003454,CCOCC1(C(C1S(=O)(=O)CC)C2=CC=C(C=C2)OC)CN
72,CID100003467,COC1=CC(=CC2=C1OCCO2)C3CC(=O)OC4=C3C5=C(C=C4)C(=O)CC6(O5)CCCCC6
73,CID100003640,COC(=O)CC(C1=CC2=C(C(=C1)Cl)OCO2)C3=C(C(=CNC3=O)C(=O)OC)O
74,CID100003929,CC1=CC(=C2C(=C1)C=C(C(=O)N2)C3CC(=O)OC4=CC(=C(C(=C34)OC)OC)OC)C
75,CID100004159,CC1=CC=C(C=C1)OCC(C)NC(=O)C(=CC2=CC=CO2)C3=CC=CC=C3
76,CID100004173,CC1CCCN(C1)C2=CC=C(C=C2)C(C)NC(=O)C(=CC3=CC=CO3)C4=CC=CC=C4
77,CID100004253,CC1=CC=C(C=C1)S(=O)(=O)C2C(C2C3=CC=C(C=C3)OC)C#N
78,CID100004595,COC1=CC=C(C=C1)C2C(C2(C=O)C#N)S(=O)(=O)C3=CC=C(C=C3)Cl
79,CID100004900,COC1=CC=C(C=C1)C2C(C2(C(=O)O)N)S(=O)(=O)C3=CC=C(C=C3)Cl
80,CID100004943,COCC1(C(C1S(=O)(=O)C2=CC=C(C=C2)Cl)C3=CC=C(C=C3)OC)N
81,CID100005372,CC(C(=O)OC)NC(=O)C(C)(C)OC1=CC=C(C=C1)C2CC2(Cl)Cl
82,CID100005645,CC1=CC=C(C=C1)SC(C)C(=O)NCCCC2=CC=C(C=C2)C(C)C
83,CID100005651,CCS(=O)(=O)C1C(C1C2=CC3=C(C=C2)OCO3)CN
84,CID100000143,COC1=C(C(=C(C=C1)C2CC(=O)OC3=CC(=C(C(=C23)OC)OC)OC)OC)OC
85,CID100000450,C1C(C1S(=O)(=O)C2=CC=C(C=C2)Cl)C(=S)N
86,CID100000453,CCC(C1=CC(=C(C=C1)C)C)NC(=O)C2=CC=C(C=C2)CSC3=CC=C(C=C3)Cl
87,CID100000581,CN1C2=CC=CC=C2C=C(C1=O)C3CC(=O)OC4=C3C5=C(C=C4)C(=O)C(=CC6=C(C(=CC=C6)OC)OC)O5
88,CID100000596,CS(=O)(=O)C1C(C1C2=CC=CC=C2)C#N
89,CID100000598,CC1=CC2=C(C(CC(=O)O2)C3=C(C(=CC=C3)OC)OCCC4=CC=CC=C4)C(=O)O1
90,CID100001690,COC1=CC=C(C=C1)C2=NOC(=N2)CNC(=O)CSCC3=CC(=CC=C3)Cl
91,CID100001775,COC1=CC=CC=C1CCCNC(=O)CSCC2=CC=C(C=C2)Cl
92,CID100001971,C1CN(CCC1O)C2=NC(=NC=C2)NC(C3CC(C3)O)C4=CC=CC=N4
93,CID100001978,CC1=CC=C(C=C1)S(=O)(=O)C2C(C2(CN)CN)C3=CC=CC=C3
94,CID100001986,CC1=CC=C(C=C1)S(=O)(=O)C2C(C2(CN)CN)C3=CC=CC=C3
95,CID100002019,C1CC2(CCC1NC(CC3=CC=CC=N3)C4CC(C4)O)CCNCC2
96,CID100002088,CC(C)OC1=CC=CC(=C1)CCCNC(=O)CSCC2=CC=C(C=C2)[N+](=O)[O-]
97,CID100002118,CC1=CC=C(C=C1)S(=O)(=O)C2C(C2(CO)N)C3=CC=CC=C3
98,CID100002142,C1CC(N(C1)C(=O)C2=CC=C(C=C2)CSC3=CC=CC=N3)C4=CC=CC=N4
99,CID100002153,CC1=NN(C=C1Cl)CC(=O)NC(C2CC(C2)O)C3=C(C=C(C=C3)F)F
100,CID100002156,COC1=CC=CC(=C1OC)C=C2C(=O)C3=C(O2)C4=C(C=C3)OC(=O)CC4C5=C(C(=CC=C5)OC)OCCC6=CC7=C(C=C6)OCC7
101,CID100002160,CC1=CC2=C(C=C1)C(CC(O2)(C)C)NC(=O)CSCC3=CC=C(C=C3)[N+](=O)[O-]
102,CID100002171,C1C2CN(CC1C3=CC=CC(=O)N3C2)C(=O)C4=NNC(=C4)C5=CC=C(S5)Br
103,CID100002173,CC1=CC=C(C=C1)S(=O)(=O)C2C(C2(COC)N)C3=CC=CC=C3
104,CID100002187,CC1=C(C(=NN1C)C)NC(=O)CNC2=CC=C3C(=CC2=O)C(CCC4=CC(=C(C(=C43)OC)OC)OC)NC(=O)C
105,CID100002249,CC1=CC=C(C=C1)S(=O)(=O)C2C(C2C(=S)N)C3=CC=CC=C3
106,CID100002269,CN(CC1=NC(=NO1)C2=CC=CS2)C(=O)CSCC3=CC=C(C=C3)[N+](=O)[O-]
107,CID100002284,CC1=CC2=C(C(CC(=O)O2)C3=C(C(=C(C=C3)OC)OC)OC)C(=O)O1
108,CID100002311,C1=CC=C(C=C1)C2C(C2(CO)C#N)S(=O)(=O)C3=CC=C(C=C3)Cl
109,CID100002369,CCOCC1(C(C1S(=O)(=O)C2=CC=C(C=C2)Cl)C3=CC=CC=C3)C#N
110,CID100002405,CCOC(=O)C1(C(C1S(=O)(=O)C2=CC=C(C=C2)Cl)C3=CC=CC=C3)CN
111,CID100002471,COC1=C(C=C(C=C1)C(CC(=O)OC)C2=CC3=C(C=C2O)OCO3)OC
112,CID100002477,CC1=NC(=NN1)SCCNC(=O)C2CC(=O)N(C2)C3=CC(=CC=C3)F
113,CID100002478,CC(C)(C)OC(=O)NC1(C(C1S(=O)(=O)C2=CC=C(C=C2)Cl)C3=CC=CC=C3)CN
114,CID100002520,CC(CC1=NC=CN=C1)N(C)C(=O)C2=NOC3=C2CCCC3
115,CID100002550,C1C2CN(CC1C3=CC=CC(=O)N3C2)C(=O)CC4=NNC(=O)C5=CC=CC=C54
116,CID100002554,CCC(C1=C(C=C(C=C1)C)C)NC(=O)C(C)SC2=CC=CC=C2
117,CID100002576,CCC(C1=CC(=C(C=C1)OC)OC)NC(=O)C(C)SC2=CC=CC=C2
118,CID100002578,C1=CC=C(C=C1)C2C(C2S(=O)(=O)C3=CC=C(C=C3)Cl)CO
119,CID100002617,CC1CCC(C(C1)OC(=O)CN2C(=O)OC(=N2)C3=CC=CO3)C(C)C
120,CID100002658,CC(C(=O)N(C)CC1=NC(=NO1)C2=CC=C(C=C2)OC)SC3=CC=CC=C3
121,CID100002662,C1CC(CN(C1)C2=NC=CC=N2)C(=O)NCC3CC4CC3C=C4
122,CID100002666,CC(C(=O)N(C)CC1=NC(=NO1)C2=C(C=C(C=C2)OC)OC)SC3=CC=CC=C3
123,CID100002678,COC1=C(C=C(C=C1)C(C2CC(C2)O)NC(=O)C3=CC(=O)C(=CN3)OC)F
124,CID100002713,CCOCC1(C(C1S(=O)(=O)C2=CC=C(C=C2)Cl)C3=CC=CC=C3)C(=S)N
125,CID100002756,CC(C(=O)NCCCC1=CC=CC=C1OC)SCC2=CC=CC=C2
126,CID100002786,COC1=CC=C(C=C1)C2C(C2(CO)C#N)S(=O)(=O)C
127,CID100002802,CC(C)OC1=CC=CC(=C1)CCCNC(=O)C(C)SCC2=CC=CC=C2
128,CID100002812,COC1=CC=C(C=C1)C2C(C2(C#N)N)S(=O)(=O)C
129,CID100002891,CC1=CN(C(=O)NC1=O)CC(=O)NC(C2CC(C2)O)C3=CN=C(C=C3)OC
130,CID100002895,CC1=CN(C(=O)NC1=O)CC(=O)NC(C2CC(C2)O)C3=CN=C(C=C3)OC
131,CID100002955,COC1=CC=C(C=C1)C2C(C2(CN)CO)S(=O)(=O)C
132,CID100002978,C1CCC2(C1)CC(=O)N(C2=O)CCC(=O)NCC3CC4CC3C=C4
133,CID100003003,COCC1(C(C1S(=O)(=O)C)C2=CC=C(C=C2)OC)CN
134,CID100003032,COC(=O)CC(C1=CC=NC=C1)C2=C(C(=CNC2=O)C(=O)OC)O
135,CID100003108,CC(C(=O)N(C)CC1=NC(=NO1)C2=CC=C(C=C2)Cl)SCC3=CC=CC=C3
136,CID100003143,CC1=CC2=C(C(CC(=O)O2)C3=COC4=CC=CC=C4C3=O)C(=O)O1
137,CID100003148,CN1C=C(C2=CC=CC=C21)CC(=O)NC3CCCC4=C3NC5=C4C=C(C=C5)OC
138,CID100003152,CCOCC1(C(C1S(=O)(=O)C)C2=CC=C(C=C2)OC)N
139,CID100003154,COC1=CC(=C(C=C1)C2=NOC(=N2)CNC(=O)C3=CC=C(C=C3)CN4CCOCC4)OC
140,CID100003157,CC1=CC2=C(C(CC(=O)O2)C3=CC=CC=C3OCC(C)C)C(=O)N1CCC4=CC=C(C=C4)O
141,CID100003203,CCOCC1(C(C1S(=O)(=O)C)C2=CC=C(C=C2)OC)C(=S)N
142,CID100003222,COC(=O)CC(C1=CC2=C(C=C1)OCO2)C3=CC4=C(C=C3O)OCO4
143,CID100003249,CC1=CC2=C(C(CC(=O)O2)C3=CC=CC=C3OCC(=O)OC)C(=O)O1
144,CID100003305,C1CC(OC1)COCCCNC(=O)CC2CC3CCC2C3
145,CID100003310,C1CC(OC1)CN(CC2=CC=CC=N2)C(=O)C3=CC=CC(=C3)C4=CC=CO4
146,CID100003333,COC1=CC(=CC(=C1O)OC)C(CC(=O)OC)C2=C(C(=CNC2=O)C(=O)OC)O
147,CID100003339,CC1=CC2=C(C=C1)OC(CC2NC(=O)CCSC3=CC=CC=C3)(C)C
148,CID100003345,CC1=CC2=C(C=C1)C(CC(O2)(C)C)NC(=O)CCSC3=CC=CC=C3
149,CID100003350,CC(=C)COC1=C(C=C(C=C1)C(CC(=O)OC)C2=C(C3=CC=CC=C3OC2=O)O)OC
150,CID100003355,CCOC(=O)C1(C(C1S(=O)(=O)CC)C2=CC=C(C=C2)OC)C(=O)OCC
151,CID100003385,CCS(=O)(=O)C1C(C1(CN)CN)C2=CC=C(C=C2)OC
152,CID100003386,CC1=NC(=NC=C1C(=O)N2CCC2C3=CC=C(C=C3)F)N
153,CID100003403,CCS(=O)(=O)C1C(C1(CN)CO)C2=CC=C(C=C2)OC
154,CID100003461,CCOCC1(C(C1S(=O)(=O)CC)C2=CC=C(C=C2)OC)CN
155,CID100003463,COC1=CC(=CC2=C1OCCO2)C3CC(=O)OC4=C3C5=C(C=C4)C(=O)CC6(O5)CCCCC6
156,CID100003476,CCS(=O)(=O)C1C(C1C2=CC=C(C=C2)OC)CN
157,CID100003488,CN1C=C(C=N1)C(C2CC(C2)O)NC(=O)CCC3=CSC=C3
158,CID100003510,CCS(=O)(=O)C1C(C1(CO)N)C2=CC=C(C=C2)OC
159,CID100003516,CCS(=O)(=O)C1C(C1C2=CC=C(C=C2)OC)CO
160,CID100003559,CCC1=NC=CN1CCC(=O)NC(C2CC(C2)O)C3=CC=CC=N3
161,CID100003639,COC1=C(C=C(C=C1)C(C2CC(C2)O)NC3=C(C=CC=N3)C(=O)N)F
162,CID100003648,CCS(=O)(=O)C1C(C1C(=S)N)C2=CC=C(C=C2)OC
163,CID100003652,COC1=CC(=C(C=C1C=C2C(=O)C3=C(O2)C4=C(C=C3)OC(=O)CC4C5=CC6=C(C=C5)OCO6)OC)OC
164,CID100003661,CC1=C(C(=NN1CC(=O)NC(C2=CC=CC=C2)C3=NC=CN3C)C)C(=O)C
165,CID100003672,CN(C)C(=O)CC(C1=NN2CCN(CC2=C1)C(=O)CN3CCCCCC3)O
166,CID100003676,CN(C)C(=O)CC(C1=NN2CCN(CC2=C1)C(=O)CN3CCCCCC3)O
167,CID100003690,COCC(C1=CC=CC=N1)NC(=O)C2=CN=C(C=C2)N
168,CID100003702,CCOC(=O)C1(C(C1S(=O)(=O)C2=CC=CC=C2)C3=CC=C(C=C3)OC)C#N
169,CID100003715,C1COCC1CCCNC(=O)C2=CC=CC=C2C#N
170,CID100003746,C1C(=O)N(C(S1)C2=CC=C(C=C2)C(=O)NCCCC3=CC=C(C=C3)F)CC4=CC=CC=C4
171,CID100003749,CC1=CC=C(C=C1)OCCNC(=O)C2=CC=C(C=C2)C3N(C(=O)CS3)CC4=CC=CC=C4
172,CID100003750,COC1=CC=C(C=C1)C=C2C(=O)C3=C(O2)C4=C(C=C3)OC(=O)CC4C5=CC6=CC=CC=C6NC5=O
173,CID100003780,COC1=CC=C(C=C1)C2C(C2S(=O)(=O)C3=CC=CC=C3)C#N
174,CID100003793,CCOC(=O)C1(C(C1S(=O)(=O)C2=CC=CC=C2)C3=CC=C(C=C3)OC)C(=O)OCC
175,CID100003825,C1=CC=C(C=C1)CSCCNC(=O)C(=CC2=CC=CO2)C3=CC=CC=C3
176,CID100003877,C1C(CC1O)C(CC2=CC=CC=N2)NC(=O)CCCN3C=CC=N3
177,CID100003890,COCC1(C(C1S(=O)(=O)C2=CC=CC=C2)C3=CC=C(C=C3)OC)CN
178,CID100003899,CC1=CC=CC=C1C2=CC=CC(=C2)CN3CCCN4C(=CC(=N4)C(C)O)C3
179,CID100003954,CC1=CC(=CC=C1)CSCCNC(=O)C(=CC2=CC=CO2)C3=CC=CC=C3
180,CID100003961,COC(=O)CC(C1=CC=C(C=C1)O)C2=C(C(=O)C=C(O2)CN3CC4CC(C3)C5=CC=CC(=O)N5C4)O
181,CID100003962,CC1=C(C=C(C=C1)C(=O)OC)NC(=O)C(=CC2=CC=CO2)C3=CC=CC=C3
182,CID100004075,CC(C)(C)OC(=O)NC1(C(C1S(=O)(=O)C2=CC=CC=C2)C3=CC=C(C=C3)OC)C=O
183,CID100004091,COCC1(C(C1S(=O)(=O)C2=CC=CC=C2)C3=CC=C(C=C3)OC)C(=S)N
184,CID100004107,CCOCC1(C(C1S(=O)(=O)C2=CC=CC=C2)C3=CC=C(C=C3)OC)C(=S)N
185,CID100004112,COC1=CC=C(C=C1)C2C(C2S(=O)(=O)C3=CC=CC=C3)C(=S)N
186,CID100004158,CC1=CC=C(C=C1)S(=O)(=O)C2C(C2(C=O)C#N)C3=CC=C(C=C3)OC
187,CID100004170,CCC(C1CC(C1)O)NC(=O)C2=CC=C(C=C2)N(C)CCO
188,CID100004212,CC1=CC=C(C=C1)S(=O)(=O)C2C(C2(C#N)N)C3=CC=C(C=C3)OC
189,CID100004409,CC1=CC=C(C=C1)S(=O)(=O)C2C(C2(CO)N)C3=CC=C(C=C3)OC
190,CID100004463,CC1=CC=C(C=C1)S(=O)(=O)C2C(C2C(=O)O)C3=CC=C(C=C3)OC
191,CID100004485,C1C(CC1O)C(C2=CC=CS2)NC(=O)C3=C(C=NC=C3)F
192,CID100004509,CN1C=CC2=C(C=CC=C21)C(=O)N3CCCCC3C4=CN=CC=C4
193,CID100004539,C1CC(NC1=O)(CCC(=O)NCC2=CC3=C(N2)C=CC(=C3)F)CCC(=O)O
194,CID100004585,COC1=CC=C(C=C1)C2C(C2(C#N)C#N)S(=O)(=O)C3=CC=C(C=C3)Cl
195,CID100004609,CCOC(=O)C1(C(C1S(=O)(=O)C2=CC=C(C=C2)Cl)C3=CC=C(C=C3)OC)C#N
196,CID100004616,CC1=C(SC=N1)CCC(=O)NC(C2CC(C2)O)C3=CN(N=C3)C
197,CID100004635,CC1=CC2=C(C(CC(=O)O2)C3=CC4=C(C=C(C=C4)OC)NC3=O)C(=O)O1
198,CID100004666,COC1=CC=CC(=C1OC)C=C2C(=O)C3=C(O2)C4=C(C=C3)OC(=O)CC4C5=CC=NC6=CC=CC=C56
199,CID100004691,CCOC(=O)C1(C(C1S(=O)(=O)C2=CC=C(C=C2)Cl)C3=CC=C(C=C3)OC)C(=O)OCC
200,CID100004812,CCN(CC)C(CNS(=O)(=O)N1CC(OC(C1)C)C)C2=CC=CC=C2Cl
201,CID100004889,C1COCCN1CC2=CC(=O)C(=C(O2)C(CC(=O)N)C3=CC=C(C=C3)O)O
202,CID100004917,COCCN1C=C(C2=CC=CC=C21)CCC(=O)N3CCCC4=CC5CC(C43)CN6C5CCCC6
203,CID100004927,CC1=CC=C(C=C1)OCC(C)NC(=O)C2=C(C=CC(=C2)[N+](=O)[O-])Cl
204,CID100004946,CCC(C)C(CO)NC(=O)C1CC(=O)N(C1)CCC2=CC=CC=C2
205,CID100004993,CCC(C1=C(C=C(C=C1)C)C)NC(=O)C2=C(C=CC(=C2)[N+](=O)[O-])Cl
206,CID100005002,CCOC(=O)CC1=C(C(=O)NN1)C(CC(=O)N)C2=CC3=C(C=C2)N(C(=O)N3C)C
207,CID100005005,CC1(C2CCC1(C(C2)NC(=O)C3CCN(CC3)S(=O)(=O)C4=C(N=CC=C4)Cl)C)C
208,CID100005029,CC1=CC(=O)OC2=C3C(CC(=O)OC3=C(C(=C12)O)C(=O)C)C4=CC5=C(C=C4)OCCO5
209,CID100005035,CN(CC1=NC(=NO1)C2=C(C=C(C=C2)OC)OC)C(=O)C3=C(C=CC(=C3)[N+](=O)[O-])Cl
210,CID100005095,CC1=CC2=C(C=C1)C(CC(O2)(C)C)NC(=O)C3=CC(=C(C(=C3)OC)OC)OC
211,CID100005152,CC(C)C1=CC=C(C=C1)CCCNC(=O)C2=CC(=C(C(=C2)OC)OC)OC
212,CID100005155,COC1=CC(=CC(=C1OC)OC)C(=O)NCCCN2CCCC3=CC=CC=C32
213,CID100005184,CCOC(=O)C1(C(C1S(=O)(=O)C)C2=CC3=C(C=C2)OCO3)N
214,CID100005203,CS(=O)(=O)C1C(C1(CN)CO)C2=CC3=C(C=C2)OCO3
215,CID100005212,CCC(C1=CC(=C(C=C1)C)C)NC(=O)C2=CC(=C(C=C2)[N+](=O)[O-])C
216,CID100005215,CCC(C1=CC(=C(C=C1)C)C)NC(=O)C2=CC(=C(C=C2)[N+](=O)[O-])C
217,CID100005245,CN1C(=CC=N1)C(CC(=O)OC)C2=C(C3=CC=CC=C3OC2=O)O
218,CID100005253,CCOCC1(C(C1S(=O)(=O)C)C2=CC3=C(C=C2)OCO3)CN
219,CID100005291,CCOC1=C(C=C(C=C1)CNC(=O)C(C)SC2=CC=C(C=C2)C)OCC
220,CID100005391,CC(C)(C)OC(=O)NC1(C(C1S(=O)(=O)C)C2=CC3=C(C=C2)OCO3)C=O
221,CID100005394,CCOC1=CC=C(C=C1)CCCNC(=O)C(C)SC2=CC=C(C=C2)C
222,CID100005401,CC1=C(C2=C(C=C1)NC(=N2)CCC(=O)NC(C)CC3=NC=CN=C3)C
223,CID100005426,CC(C)C(CO)NC(=O)C1CC(=O)N(C1)CC2=CC=CC=C2
224,CID100005496,CC1=CC=C(C=C1)SC(C)C(=O)NC(C)C2=CC(=C(C=C2)C)C
225,CID100005512,CCC(C1=CC(=C(C=C1)C)C)NC(=O)C(C)SC2=CC=C(C=C2)C
226,CID100005523,CCC(C1=C(C=C(C=C1)C)C)NC(=O)C(C)SC2=CC=C(C=C2)C
227,CID100005544,CSCCC(CO)NC(=O)C1CCN(CC1)C2=NC=CC=N2
228,CID100005556,CCC1=NC=CN1CC(=O)N2CCCCC2CCN3C=CC=N3
229,CID100005647,C1CCC2=C(C1)C=CC(=C2)C(=O)N3CCCC(C3)C4=NC=NC=C4
230,CID100005650,CC1=CC=C(C=C1)SC(C)C(=O)NCCCN2CCCC3=CC=CC=C32
231,CID100005656,CN1C(=CC=N1)C(C2=NN3CCN(CC3=C2)CC4=NN=C(S4)OC)O
232,CID100005672,CC1=C(C(=NO1)C)C2CCCN2C(=O)C3=CC4=C(C=C3)NC(=O)C(=O)N4
233,CID100005735,CC1=C(SC2=NCCN12)C(=O)N3CCCC(C3)C4=CC=C(C=C4)Cl
234,CID100005746,CC1=CC=C(C=C1)SCCC(=O)NC2CC(OC3=C2C=CC(=C3)C)(C)C
235,CID100005978,C1OC2=C(O1)C=C(C=C2)C3C(C3(CN)N)S(=O)(=O)C4=CC=CC=C4
236,CID100010631,CCOC1=CC=C(C=C1)N(C(C)C(=O)N2CCC(CC2)CC3=CC=CC=C3)S(=O)(=O)C
237,CID100019090,CC1CC=CCC1COC(=O)C2CCC=CC2
238,CID100038904,CC1=NN=C(O1)CNC(=O)C2CCCCN2C(=O)OC
239,CID100041774,CCOC1=CC=CC=C1C(=O)N2CCC(SCC2)C3=CC=CS3
240,CID100054688,CC1=CC(=CC=C1)CCCNC(=O)C(C)N(C2=C(C=CC(=C2)OC)OC)S(=O)(=O)C
241,CID100060184,CCC(C(=O)NC(C)C1=C(C=C(C=C1)C)C)N(C2=CC=CC(=C2)C)S(=O)(=O)C
242,CID100060198,C1CCN(C(C1)C(=O)NCCN2CCNC2=O)CC3=CC=CC=C3
243,CID100060843,CCC1=CC=CC=C1NC(=O)C(CC)N(C2=CC(=CC(=C2)C)C)S(=O)(=O)C
244,CID100060852,CCC(C(=O)NC1=CC=C(C=C1)Cl)N(C2=CC(=CC(=C2)C)C)S(=O)(=O)C
245,CID100060953,CCC(C(=O)NCC1=C(C=C(C=C1)Cl)Cl)N(C2=CC(=CC(=C2)C)C)S(=O)(=O)C
246,CID100065999,CC1=CC(=C(N1C)C)C(=O)NCC(C2=CC=CC=N2)N3CCOCC3
247,CID100068740,CCNC(=O)NNC(=O)C=CC1=CC=C(C=C1)OCC2=CC=CC=N2
248,CID100071616,CC1=CC=CC=C1C2CCCN2CC(COC(C)C)O
249,CID100093860,CCOC(=O)C1=CC=C(C=C1)NC(=O)C2CCC(CC2)N3C(=O)C4C5C=CC(C4C3=O)C6C5C6
250,CID100123631,CCC1=CC(=C(C=C1)CC)CNC(=O)C2=C(C=C(C=C2)Cl)F
251,CID100125889,CC(C)CNC(=O)C(CC1=CC=CC=C1)N(CC2=CC(=CC=C2)Cl)C(=O)CCCN(C3=CC4=C(C=C3)OCCO4)S(=O)(=O)C
252,CID100130881,CCC1CSC2=NC(C(N12)C3=C(N(C(=C3)C)C4=CC=C(C=C4)Br)C)C5=CC=CC=N5
253,CID100147912,CC(C(=O)NCC1=CC=CC=C1)N(CC2=CC=C(C=C2)Cl)C(=O)CCC3=CC=C(C=C3)S(=O)(=O)NC4CC4
254,CID100148192,CC(C(=O)NC(C)(C)C)N(CC1=CC=CC=C1Cl)C(=O)CN(C2=C(C=CC(=C2)Cl)Cl)S(=O)(=O)C3=CC=CC=C3
255,CID100148211,C1CC(CN(C1)S(=O)(=O)CC2=CC=C(C=C2)Cl)C(=O)NCC3=CC4=CC=CC=C4C=C3
256,CID100151165,CCC1=NOC(=N1)C2=CN=C(N=C2N3CCCC(C3)C(=O)NCC4=CSC(=N4)CC)C
257,CID100152945,CC(C)N1C(C(NC1=S)C2=CC=CC=N2)C3=CC=CN3C4=NC=C(C=C4)Cl
258,CID100176870,CCCCNC(=O)C(C)N(CC1=CC=CC=C1C)C(=O)CC2=CC=CC=C2[N+](=O)[O-]
259,CID100213039,CCN1C(=CC(=C1C)C2C(NC(=S)N2CCCN(C)C)C3=CC=CC=N3)C
260,CID100216326,CC1=CC=C(C=C1)OCC(C)NS(=O)(=O)C2=CC(=C(C=C2)Cl)C(=O)OC
261,CID100667490,CN(CCC1CCCO1)CC(=O)NC2=CC=CC=C2Br
262,CID103062316,C1CSCC1NC2=C(C=C(C=C2)N)F
263,CID105353980,CCC(C(=O)N)SC(C(C)C)C(=O)O
264,CID100000158,CC(C)(C)OC(=O)NC1(CC1S(=O)(=O)C2=CC=C(C=C2)Cl)CN
265,CID100000159,CC(C)C1=CC(=NO1)C2CCCN2C(=O)CN(C)CC3=CN=CC=C3
266,CID100003382,CCOC(=O)C1(C(C1S(=O)(=O)CC)C2=CC=C(C=C2)OC)N
267,CID100004178,CC(C1CCN(CC1)C(=O)CN2C=CC(=O)C=C2)N3CCCC3
268,CID100004411,CC1=CC(=O)OC2=C3C(CC(=O)OC3=C(C(=C12)O)C(=O)C)C4=CC5=C(C=C4)N=CC=C5
269,CID100041781,CCC1=CC2=C(C=C1)N(S(=O)(=O)C3=CC=CC=C32)CC(=O)NC(C)C4=C(C=CC(=C4)C)C
270,CID100104865,CCOC1=CC=CC=C1N(CC(=O)N(CC2=CC=CC(=C2)C)C(CC3=CC=CC=C3)C(=O)NCC(C)C)S(=O)(=O)C4=CC=C(C=C4)SC
271,CID100145068,CC1=CC=C(C=C1)CSCC(=O)N(CC2=CC(=CC=C2)Br)C(CC3=CC=CC=C3)C(=O)NCC(C)C
272,CID100197712,CC1=CC(=CC=C1)OCC(=O)N(CCC2=CC=CC=C2)C(C)C(=O)NC(C)(C)C
273,CID100000191,CC(CNS(=O)(=O)C1=CC(=C(C=C1)OC)C(=O)N)(C2=CC3=CC=CC=C3O2)O
274,CID100000838,CC1=CC(=C(C(=O)N1CCC2=CC=C(C=C2)O)C(CC(=O)OC)C3=CC=NC4=CC=CC=C34)O
275,CID100004053,CCOCC1(C(C1S(=O)(=O)C2=CC=CC=C2)C3=CC=C(C=C3)OC)N
276,CID100005064,CS(=O)(=O)C1C(C1(C#N)C#N)C2=CC3=C(C=C2)OCO3
277,CID100002474,C1=CC=C(C=C1)C2C(C2(CN)N)S(=O)(=O)C3=CC=C(C=C3)Cl
278,CID100003279,CC1=CC=C(C=C1)OCCNC(=O)CCSC2=CC=CC=C2
279,CID100003414,CCS(=O)(=O)C1C(C1(CN)C(=O)O)C2=CC=C(C=C2)OC
280,CID100003658,CCS(=O)(=O)C1C(C1C(=S)N)C2=CC=C(C=C2)OC
281,CID100003706,CN(CC1=NC(=NO1)C2=CC=C(C=C2)Cl)C(=O)CCSC3=CC=C(C=C3)Cl
282,CID100003826,C1COCCN1CC2=CC(=O)C(=C(O2)C(CC(=O)N)C3=CC=NC4=CC=CC=C34)O
283,CID100004513,C1CCN(C(C1)C2=CN=CC=C2)C(=O)CCC3C(=O)N(C(=O)N3)CC4=CC=CO4
284,CID100005726,CN1C=C(C=N1)C(C2CC(C2)O)NC(=O)CCC3=NC4=CC=CC=C4N3
285,CID100074989,C1CC(OC1)CN(CC2=CC=CO2)C(=O)C=CC3=CC=CC4=C3N=CC=C4
286,CID105381226,CC1CC2=CC=CC=C2N(C1)C(=O)C3=C(C(=NC=C3)F)F
287,CID100000214,CC1=CC2=C(C(CC(=O)O2)C3=CC4=C(C(=C3)OC)OCCO4)C(=O)N1CCC5=CC=C(C=C5)O
288,CID100003308,CC1=CC(=O)OC2=C3C(CC(=O)OC3=C(C(=C12)O)C(=O)C)C4=CC(=C(C=C4)OC)OCC(=O)N
289,CID100003821,C1=CC=C(C=C1)C(=CC2=CC=CO2)C(=O)NCCSC3=CC=C(C=C3)Cl
290,CID100004192,CC1(CC(C2=C(O1)C=CC(=C2)OC)NC(=O)C(=CC3=CC=CO3)C4=CC=CC=C4)C
291,CID100004506,CC1=CC=C(C=C1)S(=O)(=O)C2C(C2N)C3=CC=C(C=C3)OC
292,CID100004675,CN(CC(COC)O)C(=O)C=CC1=CC2=C(C=C1)OCC2
293,CID100004885,CC1=CC2=C(C(CC(=O)O2)C3=CC(=C(C=C3OC)OC)OC)C(=O)N1CCC4=CC=C(C=C4)O
294,CID100005206,CS(=O)(=O)C1C(C1(CN)CO)C2=CC3=C(C=C2)OCO3
295,CID100060612,CC(C)(C)N1C=CC(=C1)C(=O)N2CCCC(C2)C3=CC=CC=C3
296,CID100110634,CC1=C(C=C(C=C1)C(=O)NC2=CC=CC=C2OC3=CC=CC=C3)N4CCCCS4(=O)=O
297,CID100110635,CC1CN2C(C(N=C2S1)C3=CC=CC=N3)C4=CC(=C(C(=C4)OC)O)[N+](=O)[O-]
298,CID100000861,CC1CCN(CC1)C2=CC=C(C=C2)C(C)NC(=O)CSCC3=CC=CC=C3C
299,CID100001065,CCS(=O)(=O)C1C(C1C2=CC=CC=C2)C#N
300,CID100002522,COC(=O)CC(C1=CN=CC=C1)C2=C(C(=CNC2=O)C(=O)OC)O
301,CID100002610,COC1=CC(=C(C=C1)N2CC(CC2=O)C(=O)N3CCCCC3C4=CN=CC=C4)OC
302,CID100003419,CCS(=O)(=O)C1C(C1(CN)N)C2=CC=C(C=C2)OC
303,CID100003637,CCOCC1(C(C1S(=O)(=O)CC)C2=CC=C(C=C2)OC)C(=S)N
304,CID100003736,CC1=CC(=C(C=C1)C)C(C)NC(=O)C2=CC=C(C=C2)C3N(C(=O)CS3)CC4=CC=CC=C4
305,CID100003784,CC1=CC=C(O1)C(C2=C(N3C(=NC(=N3)C)S2)O)N4CC5CC(C4)C6=CC=CC(=O)N6C5
306,CID100003869,COC1=CC=C(C=C1)C2C(C2(CN)N)S(=O)(=O)C3=CC=CC=C3
307,CID100004034,CCS(=O)(=O)NC1=CC=C(C=C1)C(=O)NC(C)C2=NN=C(O2)C(C)C
308,CID100004195,CC1(CC(C2=C(O1)C=CC(=C2)OC)NC(=O)C(=CC3=CC=CO3)C4=CC=CC=C4)C
309,CID100004201,C1C2CC(C1C=C2)CNC(=O)CCC3=NC(=NO3)C4=CC=NC=C4
310,CID100004259,CCOC(=O)C1(C(C1S(=O)(=O)C2=CC=C(C=C2)C)C3=CC=C(C=C3)OC)C(=O)OCC
311,CID100004264,CCC(C1CC(C1)O)NC(=O)C2=CC=CC(=C2)C3=CC=C(O3)C
312,CID100004547,CC1=CC=CC=C1OCC(C)NC(=O)CSCC2=CC=C(C=C2)OC
313,CID100004603,CCOC(=O)C1(C(C1S(=O)(=O)C2=CC=C(C=C2)Cl)C3=CC=C(C=C3)OC)C#N
314,CID100005040,COC1=CC=C(C=C1)C2C(C2S(=O)(=O)C3=CC=C(C=C3)Cl)C(=S)N
315,CID100005358,CC1=CC=C(C=C1)SC(C)C(=O)NC2=CC=CC=C2C(=O)C3=CC=CC=C3
316,CID100005376,CC1=CC=C(C=C1)SC(C)C(=O)NCCCC2=CC=C(C=C2)OC(C)C
317,CID100005379,CC1=CC=C(C=C1)SC(C)C(=O)NC2=CC=C(C=C2)OC3CCCC3
318,CID100005533,CCS(=O)(=O)C1C(C1C2=CC3=C(C=C2)OCO3)C#N
319,CID100060754,CCC(C1=CC=C(C=C1)C)NC(=O)C(CC)N(C2=C(C=CC(=C2)C)C)S(=O)(=O)C
320,CID100064147,C1CC(CN(C1)C(=O)CN2C=NC3=CC=CC=C32)CC4=NC(=NO4)C5CC5
321,CID100444013,C1=CC=C(C(=C1)N2C(C(NC2=S)C3=CC=CC=N3)C4=CC=CN4)O
322,CID100000298,CN(CC1=NC(=NO1)C2=CC=CS2)C(=O)C3=CC=C(C=C3)CSC4=CC=CC=C4
323,CID100003255,COC(=O)CC(C1=CSC=C1)C2=C(C(=O)C(=C(C2=O)O)C(CC(=O)OC)C3=CSC=C3)O
324,CID100003394,C1C2CN(CC1C3=CC=CC(=O)N3C2)C(=O)C4CC(=O)N(C4)CC5=CC=CC=C5
325,CID100004834,COC1=CC(=C(C=C1C=C2C(=O)C3=C(O2)C4=C(C=C3)OC(=O)CC4C5=CC=C(C=C5)SC)OC)OC
326,CID100005478,CCOC(=O)C1(C(C1S(=O)(=O)CC)C2=CC3=C(C=C2)OCO3)C#N
327,CID100005578,CCC(C)C(CO)NC(=O)CCC1=NN=C(O1)C2=CC=CC=C2
328,CID100001206,CC1=CC(=C(C(=O)O1)C(CC(=O)OC)C2=CC(=C(C=C2OC)OC)OC)O
329,CID100002092,CC(C)OC1=CC=C(C=C1)CCCNC(=O)CSCC2=CC=C(C=C2)[N+](=O)[O-]
330,CID100002099,CN1C=C(C2=CC=CC=C21)CC(=O)N3CCCC4=CC5CC(C43)CN6C5CCCC6
331,CID100002130,CC1=CC=CC=C1OCC(C)NC(=O)CSCC2=CC=C(C=C2)[N+](=O)[O-]
332,CID100002141,CC1=CC=C(C=C1)S(=O)(=O)C2C(C2(C(=O)O)N)C3=CC=CC=C3
333,CID100002267,COC1=CC=C(C=C1)C=C2C(=O)C3=C(O2)C4=C(C=C3)OC(=O)CC4C5=CC(=CC=C5)OCCC6=CC7=C(C=C6)OCC7
334,CID100002375,C1=CC=C(C=C1)C2C(C2S(=O)(=O)C3=CC=C(C=C3)Cl)C#N
335,CID100002435,C1=CC=C(C=C1)C2C(C2(CN)CN)S(=O)(=O)C3=CC=C(C=C3)Cl
336,CID100002476,CC1=CC2=C(C=C1)OC(CC2NC(=O)C(C)SC3=CC=CC=C3)(C)C
337,CID100002487,CC1=CC2=C(C=C1)C(CC(O2)(C)C)NC(=O)C(C)SC3=CC=CC=C3
338,CID100002512,CC(C(=O)NC1CC(OC2=C1C=CC(=C2)OC)(C)C)SC3=CC=CC=C3
339,CID100002609,CC(C(=O)NCC1=NC(=NO1)C2=C(C=C(C=C2)OC)OC)SC3=CC=CC=C3
340,CID100002646,COCC1(C(C1S(=O)(=O)C2=CC=C(C=C2)Cl)C3=CC=CC=C3)N
341,CID100002726,CC(C)CC(CC(=O)OC)C1=C(C(=CNC1=O)C(=O)OC)O
342,CID100002733,C1=CC=C(C=C1)C2C(C2S(=O)(=O)C3=CC=C(C=C3)Cl)C=O
343,CID100002749,COC1=CC=C(C=C1)C2C(C2(C#N)C#N)S(=O)(=O)C
344,CID100002801,COC1=CC=C(C=C1)C2C(C2(C#N)C(=O)O)S(=O)(=O)C
345,CID100002818,COC1=CC=C(C=C1)C2C(C2(C#N)N)S(=O)(=O)C
346,CID100003007,CCC(C1=CC=C(C=C1)S(=O)(=O)C)NC(=O)C(C)SCC2=CC=CC=C2
347,CID100003008,CC1=CC(=C(C(=O)N1CCC2=CC=C(C=C2)O)C(CC(=O)OC)C3=CC(=C(C=C3)OC)CO)O
348,CID100003042,COC(=O)CC(C1=CC2=C3C(=CC=C2)CCCN3C1=O)C4=C(C(=O)C(=C(C4=O)O)C(CC(=O)OC)C5=CC6=C7C(=CC=C6)CCCN7C5=O)O
349,CID100003059,CC1=CC2=C(C(CC(=O)O2)C3=CC(=C(C(=C3)OC)OC(=O)C)OC)C(=O)N1CCC4=CC=C(C=C4)O
350,CID100003158,C1COCCN1CC2=CC=C(C=C2)C(=O)NCC3=NC(=NO3)C4=CC=C(C=C4)Cl
351,CID100003261,COC1=CC=CC=C1CCCNC(=O)CCSC2=CC=CC=C2
352,CID100003324,CCS(=O)(=O)C1C(C1(COC)C#N)C2=CC=C(C=C2)OC
353,CID100003372,CCOC(=O)C1(C(C1S(=O)(=O)CC)C2=CC=C(C=C2)OC)CN
354,CID100003393,CCC(C1=CC(=C(C=C1)C)C)NC(=O)CCSC2=CC=CC=C2
355,CID100003404,CC1=CC2=C(C(CC(=O)O2)C3=COC4=C(C3=O)C=C(C=C4)Cl)C(=O)N1CCC5=CC=C(C=C5)O
356,CID100003410,CCC(C1=CC=C(C=C1)S(=O)(=O)C)NC(=O)CCSC2=CC=CC=C2
357,CID100003449,COC1=CC=C(C=C1)N2CC(CC2=O)C(=O)N3CCCCC3C4=CN=CC=C4
358,CID100003494,CCS(=O)(=O)C1C(C1(CO)C(=O)O)C2=CC=C(C=C2)OC
359,CID100003657,CC1=CC(=CC=C1)C2=NOC(=N2)CNC(=O)CCSC3=CC=C(C=C3)Cl
360,CID100003767,CC(C)C(CO)NC(=O)C1=CNC(=O)C2=CC=CC=C21
361,CID100003823,C1COCCN1CC2=CC(=O)C(=C(O2)C(CC(=O)N)C3=CC=NC4=CC=CC=C34)O
362,CID100003902,COC1=C(C=C(C=C1)C(=O)C2=COC3=C2C(=C(C=C3)O)CN4CCN(CC4)C5=CC=CC=C5)OC
363,CID100004054,C1CCN(C(C1)C2=CN=CC=C2)C(=O)COC3=CC4=C(CCC(=O)N4)C=C3
364,CID100004058,CCC1CCCCN1CC(=O)N(C)CC2=NC=CN=C2
365,CID100004095,C1CN2C(=CC(=N2)C(CO)O)CN1CC3=CC=C(C=C3)OC4=CC=CC=C4
366,CID100004189,CC1=CC=C(C=C1)S(=O)(=O)C2C(C2(C#N)C(=O)O)C3=CC=C(C=C3)OC
367,CID100004236,CCC(C1=CC=C(C=C1)S(=O)(=O)C)NC(=O)C(=CC2=CC=CO2)C3=CC=CC=C3
368,CID100004428,COC(=O)CC(C1=CC=C(C=C1)O)C2=C(C(=CNC2=O)C(=O)OC)O
369,CID100004440,COC1=CC=C(C=C1)CSCC(=O)NC2=CC=CC=C2C(=O)NCC3=CC=CC=C3
370,CID100004449,CC(=C)COC1=CC=CC=C1C2CC(=O)OC3=C2C4=C(C=C3)C(=O)C(=CC5=CN=CC=C5)O4
371,CID100004451,CC1=CC=C(C=C1)S(=O)(=O)C2C(C2(COC)C(=O)O)C3=CC=C(C=C3)OC
372,CID100004536,CCCOC1=CC=CC=C1CCCNC(=O)CSCC2=CC=C(C=C2)OC
373,CID100004542,COC1=CC=C(C=C1)CSCC(=O)NCCCC2=CC(=C(C=C2)OC)OC
374,CID100004599,C1C(C2=C(C=CC3=C2OC=C(C3=O)Cl)OC1=O)C4=CC=C(C=C4)C(=O)O
375,CID100004601,CCOC(=O)C1(C(C1S(=O)(=O)C2=CC=C(C=C2)Cl)C3=CC=C(C=C3)OC)C#N
376,CID100004614,COC1=CC=C(C=C1)C2C(C2(CO)C#N)S(=O)(=O)C3=CC=C(C=C3)Cl
377,CID100004745,COC1=CC=C(C=C1)C2C(C2(CN)CO)S(=O)(=O)C3=CC=C(C=C3)Cl
378,CID100004748,CC1=CC(=C(C(=O)N1CCC2=CC=C(C=C2)O)C(CC(=O)OC)C3=COC4=CC=CC=C4C3=O)O
379,CID100004771,COC1=CC=C(C=C1)C2C(C2(CN)N)S(=O)(=O)C3=CC=C(C=C3)Cl
380,CID100004819,C1=CC(=CN=C1)C=C2C(=O)C3=C(O2)C(=C(C=C3)O)C(CC(=O)O)C4=CN=CC=C4
381,CID100004845,COC1=CC=C(C=C1)C2C(C2(CO)CO)S(=O)(=O)C3=CC=C(C=C3)Cl
382,CID100004909,CCOC1=CC=C(C=C1)CCCNC(=O)C2=C(C=CC(=C2)[N+](=O)[O-])Cl
383,CID100004920,COCC1(C(C1S(=O)(=O)C2=CC=C(C=C2)Cl)C3=CC=C(C=C3)OC)C(=O)O
384,CID100004999,CCC(C1=CC(=C(C=C1)OC)OC)NC(=O)C2=C(C=CC(=C2)[N+](=O)[O-])Cl
385,CID100005077,CS(=O)(=O)C1C(C1(C=O)C#N)C2=CC3=C(C=C2)OCO3
386,CID100005078,C1CCN2CCCC(C2C1)CN3CC(=O)C(=C3N)C4=NC(=CS4)C5=CC=CC=C5
387,CID100005195,CC1=CC2=C(C=C1)C(CC(O2)(C)C)NC(=O)C3=CC(=C(C=C3)[N+](=O)[O-])C
388,CID100005210,CCN(CC)CC1=CC(=C(O1)C)C(=O)N2CCCC(C2)C3=NC=NC=C3
389,CID100005352,CC1=CC=C(C=C1)SC(C)C(=O)NC(C)COC2=CC=C(C=C2)OC
390,CID100005402,COCC1(C(C1S(=O)(=O)C)C2=CC3=C(C=C2)OCO3)C(=S)N
391,CID100005454,CC1=CC=C(C=C1)SC(C)C(=O)NC2CC(OC3=C2C=C(C=C3)C)(C)C
392,CID100005466,CCOC(=O)CC1=C(C(=O)NN1)C(CC(=O)N)C2=CC=C(C=C2)OCC3=CC=CC=N3
393,CID100005472,CCOC(=O)C1(C(C1S(=O)(=O)CC)C2=CC3=C(C=C2)OCO3)C#N
394,CID100005487,CCS(=O)(=O)C1C(C1(CO)C#N)C2=CC3=C(C=C2)OCO3
395,CID100005530,CC(=O)C1=C(C2=C(C=C1)OC(=O)CC2C3=CN(N=C3)C)O
396,CID100005538,C1=CC2=NC(=O)C(=C(N2C=C1)O)C(CC(=O)NCCC3=CC(=C(C=C3)O)O)C4=CC5=NC=CN=C5C=C4
397,CID100005572,CCOC(=O)C1(C(C1S(=O)(=O)CC)C2=CC3=C(C=C2)OCO3)N
398,CID100005584,COC1=C(C2=C(C=C1)C(OC2=O)NC3=CC4=C(C=C3)C(=O)OC4)OC
399,CID100005596,CCS(=O)(=O)C1C(C1(CN)C(=O)O)C2=CC3=C(C=C2)OCO3
400,CID100005717,CC1=C(N=C(N=C1CC2CC(=O)N(C2)C3=CC=CC=C3)C)C
401,CID100005719,CC1=CC=C(C=C1)SCCC(=O)NC(C)COC2=CC=CC=C2C
402,CID100005731,CCS(=O)(=O)C1C(C1C(=O)O)C2=CC3=C(C=C2)OCO3
403,CID100005734,CC1CCCN(C1)C2=CC=C(C=C2)C(C)NC(=O)CCSC3=CC=C(C=C3)C
404,CID100005878,COCC1(C(C1S(=O)(=O)C2=CC=CC=C2)C3=CC4=C(C=C3)OCO4)C#N
405,CID100012536,CCN1CCCC1CNC(=O)CN2C=CC3=C(C=CC=C32)NS(=O)(=O)C
406,CID100034312,CCC(C1CC(C1)O)NC(=O)CCC(F)(F)F
407,CID100041317,C1CCCN(CC1)CC(=O)NC(CC2=CC=CC=C2)C3CC(C3)O
408,CID100057469,C1COC2=C1C=C(C=C2)C(C3CC(C3)O)NC(=O)C4=CC=CN4
409,CID100057537,CCC1=CC=CC=C1NC(=O)C(C)N(C2=CC(=C(C=C2)Cl)C(F)(F)F)S(=O)(=O)C
410,CID100060164,CCC(C(=O)NC1CCCC2=CC=CC=C12)N(C3=CC=CC(=C3)C)S(=O)(=O)C
411,CID100060787,CCC(C(=O)NC(C)C1=CC(=C(C=C1)C)C)N(C2=C(C=CC(=C2)C)C)S(=O)(=O)C
412,CID100060795,CCC(C1=CC(=C(C=C1)C)C)NC(=O)C(CC)N(C2=C(C=CC(=C2)C)C)S(=O)(=O)C
413,CID100071158,C1CC(CC(C1)C(F)(F)F)C(=O)C(C#N)C(=O)NC2=CC=CC3=CC=CC=C32
414,CID100071329,CN(C)C(=O)N1CCN(CC1)C(=O)C=CC2=C(N=C3N2C=CC=C3)Cl
415,CID100072054,CC1CC(CN(C1)C(=O)C(C)OCC(F)(F)F)C
416,CID100077993,CC1CCCN(C1)CC(C)NS(=O)(=O)C2=CC=CC3=C2N=CC(=C3)C
417,CID100104741,CCOC(=O)C1CCN(CC1)C(=O)C2=CC(=CC=C2)N(C)S(=O)(=O)C3=CC=CC=C3
418,CID100115237,CC1CN2C(C(N=C2S1)C3=CC=CC=N3)C4=C(N(C(=C4)C)C5CC5)C
419,CID100122316,CCOC1=C(C=CC=N1)C(=O)NC(CC2=CC=CC=N2)C3CC(C3)O
420,CID100123620,CCC(C(=O)NC(C)C)N(CC1=CC=C(C=C1)F)C(=O)COC2=CC=CC=C2C(C)(C)C
421,CID100124087,CC(C1=CC2=C(C=C1)OCCO2)NC(=O)C3=CC=C(C=C3)CN4CCC5=CC=CC=C5C4
422,CID100125017,CC(=O)N1CC(C2=C(C1)C=CC=N2)C(=O)N3CCN(CC3)C(=O)C4CCCO4
423,CID100150310,CC(C(=O)NC(C)(C)C)N(CC1=CC=C(C=C1)Cl)C(=O)CSCC2=C(C=CC=C2Cl)F
424,CID100170361,CCC(C(=O)NC)N(CC1=CC=CC=C1)C(=O)CN(C)S(=O)(=O)C2=CC3=CC=CC=C3C=C2
425,CID100216239,CC(=O)NC1=NN=C(S1)S(=O)(=O)NC2CC3CCC2C3
426,CID101349907,C1=CC=C2C(=C1)C(C3=CC=CC=C32)COC(=O)NC(C4=CC=C(C=C4)OP(=O)(O)O)C(=O)O
427,CID104659568,CCCOC1=CC=CC=C1C(CCCOC)O
428,CID106398970,COC1=CC(=C(C=C1)C#N)NCCC2=NOC=N2
429,CID100001071,CCS(=O)(=O)C1C(C1C2=CC=CC=C2)C#N
430,CID100002732,CC1=CC(=C(C=C1)C)C(C)NC(=O)C(C)SCC2=CC=CC=C2
431,CID100003675,COC1=CC=C(C=C1)C2C(C2(C#N)C#N)S(=O)(=O)C3=CC=CC=C3
432,CID100004064,C1CC(=O)NN=C1C(=O)NC(C2CC(C2)O)C3=CC=C(C=C3)F
433,CID100004991,CCC(C1=C(C=C(C=C1)C)C)NC(=O)C2=C(C=CC(=C2)[N+](=O)[O-])Cl
434,CID100027991,CC1=CC(=NC(=O)N1CC(=O)NC(C)C2=NC(=NO2)C3=CC=CC=N3)C
435,CID100054547,C1CN(CC1(C2=CC=CC=C2)O)C(=O)CC3=CC(=CC=C3)F
436,CID100123606,CCC1CSC2=NC(C(N12)C3=CC(=C(C(=C3)OC)O)[N+](=O)[O-])C4=CC=CC=N4
437,CID100000564,COC1=CC=C(C=C1)N2CC34C=CC(O3)C(C4C2=O)C(=O)O
438,CID100003724,CC(C)OC1=CC=CC=C1C2CC(=O)OC3=C2C4=C(C=C3)C(=O)C(=CC5=C(C(=CC=C5)OC)OC)O4
439,CID100003763,COCCN(CC1CCCO1)C(=O)C2=C(C(=NN2)N)Cl
440,CID100004473,CC1=CC=C(C=C1)S(=O)(=O)C2C(C2(COC)N)C3=CC=C(C=C3)OC
441,CID100004497,C1CC1C(C2=NN3CCN(CC3=C2)C(=O)C4=C5C(=CC=C4)OCCO5)O
442,CID100041693,CC1=CC2=C(C=C1)OC(CC2NC(=O)CCCN3C4=CC=CC5=C4C(=CC=C5)C3=O)(C)C
443,CID105493381,CCOC1=NC(=NC2=C1CCNC2)C3CCC3
444,CID100003373,CN(CCCC1CCCO1)C(=O)CC2=CN=CC=C2
445,CID100004211,CC1=C(C=C(C=C1)C(C)NC(=O)C(=CC2=CC=CO2)C3=CC=CC=C3)C
446,CID100004607,CCC(C1=CC(=C(C=C1)C)C)NC(=O)CSCC2=CC=C(C=C2)OC
447,CID100036339,CC1=CC=CC=C1C2CCN(CCS2)C(=O)C3=CC(=NN3)C4=CC=C(C=C4)F
448,CID100051263,CC1=C(C=CC=C1[N+](=O)[O-])N(CC(=O)NC2=CC3=C(C=C2)OCO3)S(=O)(=O)C
449,CID100001546,COC1=CC=C(C=C1)CCCNC(=O)CSCC2=CC(=CC=C2)Cl
450,CID100002720,C1=CC=C(C=C1)C2C(C2S(=O)(=O)C3=CC=C(C=C3)Cl)C(=S)N
451,CID100002725,C1C(CC1O)C(CC2=CC=NC=C2)NC(=O)C3=CC(=CN3)Cl
452,CID100002973,COC1=CC=C(C=C1)C2C(C2(CN)N)S(=O)(=O)C
453,CID100003198,CN(CC1=CC=C(C=C1)OC)C(=O)C2=CC=C(C=C2)CN3CCC4=CC=CC=C4C3
454,CID100004419,CC(C1=CC=CC=C1N2C=CC=N2)NC(=O)CSC3=CC=CC=N3
455,CID100005453,CC1=CC=C(C=C1)SC(C)C(=O)NC2CC(OC3=C2C=C(C=C3)C)(C)C
456,CID100005515,CCS(=O)(=O)C1C(C1(COC)C#N)C2=CC3=C(C=C2)OCO3
457,CID100013342,CC1=CC(=NC(=N1)N2CCCC(C2)C(=O)NC3=C(C=CC(=C3)NC(=O)C)OC)C
458,CID100014888,CCS(=O)(=O)C1C(C1(CO)CO)C2=CC=C(C=C2)F
459,CID100119182,COC(=O)C1=CN(C2=CC=CC=C21)C(=O)C3CCN(CC3)CC4=CC=C(C=C4)Cl
460,CID105281007,CCCN1C(=NC=N1)CC(C2=C(C=C(C=C2)Br)F)NN
461,CID100002631,CC(C(=O)N(C)CC1=NC(=NO1)C2=CC=CC=C2)SC3=CC=CC=C3
462,CID100002232,C1CCC2(CC1)CC(=O)C3=C(O2)C4=C(C=C3)OC(=O)CC4C5=CC=C(C=C5)O
463,CID100002349,COCC1(C(C1S(=O)(=O)C2=CC=C(C=C2)Cl)C3=CC=CC=C3)C#N
464,CID100002370,COC1=C(C=CC(=C1)C(CC(=O)OC)C2=C3C(=NSN3)C=CC2=O)OCC(=O)OC
465,CID100002637,CN1C(=O)C(=CNC1=O)CC(=O)NC(CC2=CC=NC=C2)C3CC(C3)O
466,CID100002712,CN(C)C1=NSC(=N1)NC(C2CC(C2)O)C3=CC4=CC=CC=C4N=C3
467,CID100002951,COC1=CC(=CC(=C1OC)OC)C(CC(=O)OC)C2=CC3=C(C=C2O)OCO3
468,CID100003040,COC1=CC=C(C=C1)C2C(C2S(=O)(=O)C)CN
469,CID100003168,COC1=CC=C(C=C1)C2C(C2S(=O)(=O)C)N
470,CID100003379,CCOC(=O)C1(C(C1S(=O)(=O)CC)C2=CC=C(C=C2)OC)N
471,CID100003397,C1C2CN(CC1C3=CC=CC(=O)N3C2)C(=O)C4CC(=O)N(C4)CC5=CC=CC=C5
472,CID100003730,COC1=CC=C(C=C1)C2C(C2(C#N)C(=O)O)S(=O)(=O)C3=CC=CC=C3
473,CID100003734,CC1=CC(=O)OC2=C3C(CC(=O)OC3=C(C(=C12)O)C(=O)C)C4=CC=C(C=C4)C(=O)OC
474,CID100003741,COC1=C(C=C(C=C1)C2CC(=O)OC3=C2C4=C(C=C3)C(=O)CC5(O4)CCCCC5)OCC(=O)N
475,CID100003964,COC1=CC=C(C=C1)C2C(C2(CO)N)S(=O)(=O)C3=CC=CC=C3
476,CID100004425,CC1=CC=C(C=C1)S(=O)(=O)C2C(C2C3=CC=C(C=C3)OC)CO
477,CID100004499,COC1=CC(=CC(=C1OC)OC)C(CC(=O)OC)C2=C(C(=O)C(=C(C2=O)O)C(CC(=O)OC)C3=CC(=C(C(=C3)OC)OC)OC)O
478,CID100004730,CC1=CC(=NC(=O)N1CCNC(=O)C2CC3=C(N2)C=CC(=C3)Cl)C
479,CID100004736,CCCOC1=CC=CC=C1CCCNC(=O)C2=C(C=C(C=C2)[N+](=O)[O-])Cl
480,CID100004828,C1CC2CC1CC2CC(=O)NCC(C3=CC=CC=C3)O
481,CID100004911,COCC1(C(C1S(=O)(=O)C2=CC=C(C=C2)Cl)C3=CC=C(C=C3)OC)C(=O)O
482,CID100004913,COCCN1C=C(C2=CC=CC=C21)CCC(=O)N3CCCC4=CC5CC(C43)CN6C5CCCC6
483,CID100004932,COC1=CC=CC(=C1OC)C=C2C(=O)C3=C(O2)C4=C(C=C3)OC(=O)CC4C5=CC=CC=C5OCCC6=CC7=C(C=C6)OCC7
484,CID100005486,COCC1CCN(C1)C(=O)CCCN2C=NC=N2
485,CID100005525,CCC(C1=CC(=C(C=C1)OC)OC)NC(=O)C(C)SC2=CC=C(C=C2)C
486,CID100009433,CCCOC(C)C1=CC(=C(C=C1)C)N
487,CID100036811,CCN(CC1=NC(=NO1)C2=CC=CS2)C(=O)CCC3=CC(=C(C=C3)OC)OC
488,CID100042113,CNC(=O)CC1C(=O)NCCN1C(=O)C2=C(C=C(C=C2)Cl)O
489,CID100047320,CCOC(=O)C1=CC(=C(C=C1)C)NC(=O)C2=CC(=CC=C2)OCC(=C)C
490,CID100047725,CCN1C(=NC=N1)C(C)NC(=O)C2=CC=CC(=C2)C(=O)C
491,CID100054786,CCC1=CC=CC=C1NC(=O)C(C)N(C2=CC(=C(C=C2)OC)OC)S(=O)(=O)C
492,CID100056959,CC1=CC(=C(C=C1)OC)N(C(C)C(=O)NC2CC(OC3=CC=CC=C23)(C)C)S(=O)(=O)C
493,CID100060871,CCC(C(=O)NC1=CC=CC=C1OCC)N(C2=CC(=CC(=C2)C)C)S(=O)(=O)C
494,CID100071273,CC1CN(CCO1)S(=O)(=O)NC(C)C2=NOC(=N2)C
495,CID100082146,COC1=C(C=CC(=C1)C(=CC2=CC(=C(C=C2)F)F)C#N)[N+](=O)[O-]
496,CID100150610,CCC(C(=O)NC(C)C)N(CC1=CC(=CC=C1)OC)C(=O)CN(C2=CC=CC=C2)S(=O)(=O)C3=CC=C(C=C3)F
497,CID104479097,CCC1CCN(C1)CC(=O)NC2=CC(=C(C=C2)Cl)N
498,CID106435110,COC1=CC=C(C=C1)CCNCC(C2=CSC=C2)O
499,CID100000815,CS(=O)(=O)C1C(C1(CO)N)C2=CC=CC=C2
500,CID100001046,CCS(=O)(=O)C1C(C1(COC)C#N)C2=CC=CC=C2
501,CID100002182,CC1=CC=C(C=C1)S(=O)(=O)C2C(C2(COC)N)C3=CC=CC=C3
502,CID100002215,CC1=CC=C(C=C1)S(=O)(=O)C2C(C2(C=O)NC(=O)OC(C)(C)C)C3=CC=CC=C3
503,CID100002266,CC1=CC=C(C=C1)S(=O)(=O)C2C(C2C3=CC=CC=C3)C=O
504,CID100002551,CCC(C1=C(C=C(C=C1)C)C)NC(=O)C(C)SC2=CC=CC=C2
505,CID100002708,COC1=CC=C(C=C1)C2CC(=O)OC3=C2C4=C(C=C3)C(=O)C(=CC5=CC(=C(C=C5OC)OC)OC)O4
506,CID100002719,COC1=CC=C(C=C1)CCOC2=C(C=CC=C2OC)C(CC(=O)OC)C3=C(C4=CC=CC=C4OC3=O)O
507,CID100002727,C1=CC=C(C=C1)C2C(C2S(=O)(=O)C3=CC=C(C=C3)Cl)C(=S)N
508,CID100002800,CC(=C)COC1=C(C=CC=C1OC)C2CC(=O)OC3=C2C4=C(C=C3)C(=O)C(=CC5=C(C(=CC=C5)OC)OC)O4
509,CID100002949,COC1=CC=C(C=C1)C2C(C2(CN)CO)S(=O)(=O)C
510,CID100003066,CC1=C(C(=NN1CCC(=O)N2CCCC2C3=NNC(=N3)C)C)C(=O)C
511,CID100003278,COC1=CC(=CC(=C1OC)OC)C2CC(=O)OC3=C2C4=C(C=C3)C(=O)C(=CC5=CC(=C(C=C5OC)OC)OC)O4
512,CID100003381,CN1CCN(CC1)CC2=C(C=CC3=C2C(=CO3)C(=O)C4=CC(=C(C=C4)OC)OC)O
513,CID100003827,COC1=CC=C(C=C1)C2C(C2(CN)CN)S(=O)(=O)C3=CC=CC=C3
514,CID100003914,CN1C=C(C=N1)C(C2CC(C2)O)NC(=O)C3=CC(=NN3)C4=CC=CC=C4F
515,CID100004044,COC1=CC=CC(=C1OC)C=C2C(=O)C3=C(O2)C=C(C=C3)OCC4=CC=C(O4)C(=O)OC
516,CID100004893,CCN(CCCNS(=O)(=O)N1CC(OC(C1)C)C)C2=CC=CC=C2
517,CID100005381,CS(=O)(=O)C1C(C1N)C2=CC3=C(C=C2)OCO3
518,CID100005505,CC(=O)C1=C(C2=C(C=C1)OC(=O)CC2C3=CC(=C(C=C3)F)Cl)O
519,CID100012620,COCC1(C(C1S(=O)(=O)C)C2=CC(=CC=C2)Cl)C#N
520,CID100040976,CC(C)C(C1=NC=NN1C)NC(=O)C2=NC(=O)C3=CC=CC=C3N2
521,CID100054808,CC(C(=O)NC1=CC=C(C=C1)OC)N(C2=CC(=C(C=C2)OC)OC)S(=O)(=O)C
522,CID100068844,CC1=C(C(=NN1C)C)CCNC(=O)C=CC2=CN(N=C2)C3=CC=CC=C3
523,CID100072938,CC1=CC(=NN1)CC(C)NC2CCC3C2CN(C3)CC4=CC=CC=C4
524,CID100077992,CCCCN(C1C2CCC(C2)C1=NO)C3=CC=CC=C3
525,CID100444033,C1CCN(C1)CC2=CC=CC(=C2)CNC(=O)C(=CC3=CC(=CC=C3)[N+](=O)[O-])C4=CC=CC=C4
526,CID105362070,CCC1=C(N=NC(=N1)NC2=CC(=C(C=C2)C(=O)O)Cl)CC
527,CID105362420,CCC1=C(N=NC(=N1)NC(C)C(=O)OC)CC
528,CID100002177,COC1=NC=C(C=C1)C(C2CC(C2)O)NC(=O)CN3C=CC(=O)NC3=O
529,CID100003928,CCN1C(=C(C(=N1)C)C(=O)NC(CC2=CC=NC=C2)C3CC(C3)O)C
530,CID100002519,COC(=O)CC(C1=CN=CC=C1)C2=C(C(=CNC2=O)C(=O)OC)O
531,CID100005297,CC1=CC=C(C=C1)SC(C)C(=O)NCC2=CC(=C(C=C2)OC(C)C)OC
532,CID100001134,CC1=CC=C(C=C1)CSCC(=O)NC(C)C2=CC(=C(C=C2)C)C
533,CID100153941,CCC(C(=O)NC(C)C)N(CC1=CC=C(C=C1)OC)C(=O)CSC2=CC=C(C=C2)Cl
534,CID100002170,CC1=CC=C(C=C1)S(=O)(=O)C2C(C2C(=O)O)C3=CC=CC=C3
535,CID100004046,C1CN(CCN1C(=O)C(=CC2=CC=CO2)C3=CC=CC=C3)S(=O)(=O)C4=CC=CC=C4
536,CID100004727,CCOC(=O)C1(C(C1S(=O)(=O)C2=CC=C(C=C2)Cl)C3=CC=C(C=C3)OC)N
537,CID100003291,COC1=C(C(=C2C(CC(=O)OC2=C1)C3=CC=CC4=CC=CC=C43)OC)OC
538,CID104659569,CCCOC1=CC=CC=C1C(CSCC)O
539,CID100060877,CC1=CC(=C(C=C1)C(=O)NCCC2CCOC2)F
540,CID100002675,CC(C(=O)N(C)CC1=NC(=NO1)C2=CC(=CC=C2)Br)SC3=CC=CC=C3
541,CID100003114,COCC1(C(C1S(=O)(=O)C)C2=CC=C(C=C2)OC)C(=O)O
542,CID100003384,C1CCN2CCCC(C2C1)CSC3=NC=C(C=C3)NC(=O)C4=CC=C(C=C4)Cl
543,CID100004739,COC1=CC=C(C=C1)C2C(C2(CN)CN)S(=O)(=O)C3=CC=C(C=C3)Cl
544,CID100005721,CCS(=O)(=O)C1C(C1(COC)C(=O)O)C2=CC3=C(C=C2)OCO3
545,CID100657298,COC1=C(C=C(C=C1)Cl)NS(=O)(=O)C2=CC=CC(=C2)C(=O)NN
546,CID100005070,CC1=CC(=O)C=C(O1)C(=O)NCC2CCCN(C2)CCO
547,CID100002995,CCC(C1=CC(=C(C=C1)OC)OC)NC(=O)C(C)SCC2=CC=CC=C2
548,CID100005593,CC1=CC=C(C=C1)SC(C)C(=O)N(C)CC2=NC(=NO2)C3=CC=CC=C3
549,CID100004140,C1C2CN(CC1C3=CC=CC(=O)N3C2)C(=O)C4=CC(=NN4)C5=CSC=C5
550,CID100003117,COCC1(C(C1S(=O)(=O)C)C2=CC=C(C=C2)OC)C(=O)O
551,CID100039860,CCC(C(=O)NC1CC(OC2=C1C=CC(=C2)C)(C)C)OC3=CC=CC(=C3C)C
552,CID100051634,CC1=CC(=CC=C1)CCCNC(=O)CN(C2=CC=C(C=C2)C(F)(F)F)S(=O)(=O)C
553,CID100005052,CC1=CC=C(C=C1)CS(=O)(=O)NC(C2CC(C2)O)C3=CC=CC=N3
554,CID100004011,C1CC(CN(C1)C(=O)CC2CC3CCC2C3)C(=O)N4CCOCC4
